Type,Word,Pinyin,Meaning,Note
EN,checklist,,bảng liệt kê các mục cần kiểm tra,n
EN,client,,khách hàng,n
EN,communicate,,giao tiếp; truyền đạt,v
EN,exchange,,sự trao đổi,n
EN,film studio,,phim trường,phr
EN,journal,,tạp chí; báo,n
EN,journalist,,nhà báo,n
EN,magazine,,tạp chí,n
EN,newspaper,,tờ báo,n
EN,newsstand,,quầy báo; sạp báo,n
EN,parade publisher,,cuộc diễu hành,n
EN,reader,,nhà xuất bản,n
EN,reporter,,người đọc; độc giả,n
EN,sales trend,,phóng viên; người báo cáo,n
EN,comforting,,xu hướng bán hàng,phr
EN,excellently,,có thể an ủi,adj
EN,export,,tuyệt vời; xuất sắc,adv
EN,former,,hàng xuất khẩu,n
EN,govern,,trước; cũ,adj
EN,government,,quản lý; cai trị,v
EN,import,,hàng nhập khẩu,n
EN,politician,,chính trị gia,n
EN,politics,,chính trị; quan điểm chính trị,n
EN,shortly,,chẳng mấy chốc; vắn tắt; ngắn gọn,adv
EN,start,,buổi đầu; sự khởi đầu,n
EN,supplier,,nhà cung cấp,n
EN,unlikely,,không chắc; không có thực,adj
EN,back away from,,lùi xa khỏi,phr
EN,be closed for the day,,đóng cửa (hết giờ làm việc),phr
EN,be determined to do,,quyết tâm làm gì,phr
EN,business day,,ngày làm việc,phr
EN,commercial space,,không gian/mặt bằng kinh doanh,phr
EN,day after tomorrow,,ngày kia,phr
EN,front-page story,,câu chuyện trên trang nhất,phr
EN,give a good price,,đưa ra một mức giá tốt,phr
EN,headline,,tiêu đề; dòng tít,n
EN,in stock,,có hàng (còn trong kho),phr
EN,lead (up/down) to,,dẫn đến,phr
EN,make a recording,,ghi âm,phr
EN,normal operating hours,,giờ làm việc bình thường,phr
EN,on sale,,bán giảm giá,phr
EN,on the market,,trên thị trường,phr
EN,out of print,,không xuất bản nữa,phr
EN,out of stock,,hết hàng,phr
EN,overcharge,,bản quá đắt; nói thách,v
EN,payment option,,phương thức thanh toán,phr
EN,place an order,,đặt hàng,phr
EN,put A out for sale,,đưa A ra bán,phr
EN,retail store,,cửa hàng bán lẻ,phr
EN,run out of,,hết; cạn kiệt,phr
EN,sales presentation,,bài thuyết trình bán hàng,phr
EN,salesperson,,nhân viên bán hàng,n
EN,sold out,,hết hàng,phr
EN,stay open late,,mở cửa muộn,phr
EN,stockroom,,nhà kho,n
EN,storage facility,,kho hàng; kho lưu trữ,phr
EN,storeroom,,kho hàng,n
EN,take inventory,,kiểm kê,phr
EN,accordingly,,vì vậy; cho nên,adv
EN,adaptable,,có thể thích nghi,adj
EN,along with,,cùng với; kèm theo,phr
EN,at the latest,,muộn nhất là,phr
EN,compliant,,mềm mỏng; phục tùng,adj
EN,correspond,,tương xứng; đối nhau,v
EN,cultivation,,sự trồng trọt; sự nuôi dưỡng,n
EN,do business with,,buôn bán/giao dịch với,phr
EN,had better do,,tốt hơn nên,phr
EN,honorable,,đáng kính trọng; vinh dự,adj
EN,perceptive,,(thuộc) nhận thức; nhận thức được,adj
EN,reasonably,,hợp lý; vừa phải,adv
EN,transformation,,sự biến đổi,n
EN,attain,,đạt được,v
EN,barter,,đổi; đổi chác,v
EN,boycott,,tẩy chay,v
EN,capitalize on,,lợi dụng; tranh thủ cơ hội,phr
EN,council,,hội đồng,n
EN,Department of Commerce,,Bộ Thương mại,phr
EN,depot,,kho chứa; kho hàng,n
EN,diminish,,giảm; bớt,v
EN,duty-free,,miễn thuế,adj
EN,election,,cuộc bầu cử,n
EN,exercise one's right,,sử dụng quyền của,phr
EN,federal,,(thuộc) liên bang,adj
EN,hold power,,cầm quyền; nắm quyền,phr
EN,inclination,,sự nghiêng; độ nghiêng,n
EN,inevitable,,không thể tránh được,adj
EN,loyal customer,,khách hàng trung thành,phr
EN,outside provider,,nhà cung cấp bên ngoài,phr
EN,poll,,cuộc thăm dò ý kiến,n
EN,possession,,quyền sở hữu; sự chiếm hữu,n
EN,scarce,,khan hiếm; khó tìm,adj
EN,status,,trạng thái; tình trạng,n
EN,switch A to B,,chuyển A sang B,phr
EN,wholesaler,,người bán buôn,n
EN,withstand,,chịu đựng; chống lại,v
EN,backseat,,ghế sau,n
EN,borrow,,vay; mượn,v
EN,bother,,làm phiền,v
EN,ceiling,,trần nhà,n
EN,empty,,trống; rỗng,adj
EN,exit,,lối ra,n
EN,fashion photographer,,nhiếp ảnh gia thời trang,phr
EN,look after,,trông nom; chăm sóc,phr
EN,pair,,ghép đôi,v
EN,per day,,mỗi ngày,phr
EN,professor,,giáo sư,n
EN,proof,,bằng chứng; chứng cớ,n
EN,put on,,mặc vào,phr
EN,spray,,phun; xịt,v
EN,think of,,nghĩ về,phr
EN,wear,,mặc; mang; đeo,v
EN,climb,,trèo; leo trèo,v
EN,deny,,phủ nhận; từ chối,v
EN,escape,,trốn thoát; thoát ra,v
EN,final,,cuối cùng,adj
EN,generally,,nói chung; thông thường,adv
EN,loose,,lỏng; lung lay,adj
EN,meaning,,nghĩa; ý nghĩa,n
EN,off-season,,mùa thấp điểm,n
EN,once,,trước đây; đã từng,adj
EN,product,,sản phẩm,n
EN,quit,,từ bỏ; thôi,v
EN,volume,,âm lượng; tập (sách),n
EN,close a deal,,chốt giao dịch,phr
EN,complicate,,làm phức tạp; làm rắc rối,v
EN,dial a number,,quay số; gọi điện thoại,phr
EN,disadvantage,,sự bất lợi,n
EN,focus on,,tập trung vào,phr
EN,for ages,,rất lâu,phr
EN,household,,hộ; gia đình,n
EN,I have no idea,,Tôi không biết,phr
EN,lock up,,khóa lại; cất giữ,phr
EN,make a deposit,,đặt cọc,phr
EN,make a mistake,,phạm lỗi,phr
EN,peak,,đỉnh; chỏm; chóp,n
EN,rain check,,phiếu mua hàng sau; để dịp sau,phr
EN,rent out,,cho thuê,phr
EN,rental agreement,,hợp đồng cho thuê,phr
EN,rough,,khó khăn; gian khổ,adj
EN,royalty,,hoàng gia,n
EN,run off in several directions,,thử làm nhiều việc,phr
EN,scare,,dọa; làm kinh hãi,v
EN,sign a contract,,ký hợp đồng,phr
EN,under a contract,,theo hợp đồng,phr
EN,win a contract,,giành được hợp đồng,phr
EN,agreeable,,dễ chịu; sẵn sàng đồng ý,adj
EN,call out,,ra lệnh; kêu gọi,phr
EN,convincing,,có sức thuyết phục,adj
EN,diplomatic,,mang tính ngoại giao,adj
EN,equality,,sự cân bằng,n
EN,ethical,,thuộc về đạo đức,adj
EN,hesitate,,do dự; ngập ngừng,v
EN,in contrast,,đối lập; trái ngược,phr
EN,instrumental,,thuộc nhạc cụ/dụng cụ,adj
EN,lengthen,,kéo dài,v
EN,make a move,,hành động; ra tay,phr
EN,offend,,xúc phạm; vi phạm,v
EN,opposing,,trái ngược; đối kháng,adj
EN,origin,,nguồn gốc; xuất xứ,n
EN,rational,,có lý; thỏa đáng,adj
EN,recognition,,sự công nhận,n
EN,refusal,,sự từ chối,n
EN,sarcastic,,chế nhạo; châm biếm,adj
EN,selected,,được chọn; kén chọn,adj
EN,sort of,,phần nào,phr
EN,surely,,chắc chắn; rõ ràng,adv
EN,surprise,,sự/điều ngạc nhiên,n
EN,uninterested,,không quan tâm; thờ ơ,adj
EN,verbal,,bằng lời nói,adj
EN,virtual,,ảo,adj
EN,within reason,,vừa phải; hợp lý,phr
EN,be in agreement,,đồng ý với,phr
EN,draw up a new agreement,,soạn thảo một hợp đồng mới,phr
EN,enclosure,,sự gửi kèm (tài liệu),n
EN,generation gap,,khoảng cách thế hệ,phr
EN,have difficulty (in) -ing,,gặp khó khăn trong việc,phr
EN,in appreciation of,,trong nỗ lực để,phr
EN,in an attempt to,,với sự cảm kích dành cho,phr
EN,in print,,trên văn bản trên giấy,phr
EN,in summary,,tóm lại,phr
EN,lifetime employment,,công việc lâu dài,phr
EN,low-income resident,,khu dân cư thu nhập thấp,phr
EN,make a bid,,bỏ thầu; đấu giá,phr
EN,make a contract with,,ký hợp đồng với,phr
EN,on hand,,có sẵn; hiện có,phr
EN,replica,,mô hình; bản sao,n
EN,rigid,,cứng rắn; cứng nhắc,adj
EN,security deposit,,tiền bảo chứng; tiền đặt cọc,phr
EN,sequential,,liên tục; tiếp sau,adj
EN,successful candidate,,ứng viên được chọn,phr
EN,take A seriously,,xem A là quan trọng; làm A một cách nghiêm túc,phr
EN,It is no wonder (that),,Không có gì lạ khi,phr
EN,portray,,vẽ; miêu tả (người; cảnh),v
EN,reinstall,,cài đặt lại; phục chức,v
EN,repave,,lát lại (đường),v
EN,run the risk of,,có nguy cơ,phr
EN,think over,,nghĩ lại,phr
EN,affiliation,,sự liên kết; sự sáp nhập,n
EN,arbitration,,sự phân xử; trọng tài,n
EN,beside the point,,không quan trọng; lạc đề,phr
EN,foil,,đánh bại; làm thất bại,v
EN,impartially,,vô tư; công bằng,adv
EN,inconclusively,,bỏ lửng; mập mờ,adv
EN,omission,,sự bỏ sót,n
EN,originate in,,bắt nguồn từ,phr
EN,preferential treatment,,đối xử ưu ái,phr
EN,recollection,,sự nhớ lại; hồi ức,n
EN,reconcile,,giảng hòa; hòa giải,v
EN,relinquish,,từ bỏ,v
EN,remembrance,,sự hồi tưởng; ký ức,n
EN,solicit,,gạ gẫm; khẩn khoản,v
EN,subcontract,,hợp đồng thầu phụ,n
EN,subcontractor,,nhà thầu phụ,n
EN,trustworthy,,đáng tin cậy,adj
EN,a sheet of,,một tờ; một mảnh; một tấm,phr
EN,business card,,danh thiếp,phr
EN,cartridge,,hộp mực (máy in),n
EN,daily,,hằng ngày,ady
EN,edit,,biên tập; hiệu chỉnh,v
EN,hand,,bàn tay,n
EN,in order to do,,để làm,phr
EN,laptop,,máy tính cá nhân,n
EN,name tag,,bảng tên,phr
EN,on vacation,,trong kỳ nghỉ,phr
EN,paper jam,,kẹt giấy,phr
EN,paperwork,,công việc giấy tờ,n
EN,partition,,sự phân chia,n
EN,rush hour,,giờ cao điểm,phr
EN,section,,mục; phần; bộ phận,n
EN,sheet,,tấm; phiến; tờ,n
EN,tabletop,,mặt bản,n
EN,telephone call,,cuộc gọi (điện thoại),phr
EN,trash bin,,thùng rác,phr
EN,upstairs,,thuộc tầng trên,adj
EN,as if,,như thể,phr
EN,as well as,,cũng như,phr
EN,be aware of,,nhận thức về; biết về,phr
EN,be known as,,được biết đến là,phr
EN,be likely to,,có khả năng,phr
EN,detail,,chi tiết,n
EN,offering,,sự đề nghị; tăng phẩm,n
EN,on one's own,,tự mình,phr
EN,adjust the mirror,,điều chỉnh gương,phr
EN,advance reservation,,đặt trước,phr
EN,arrange an appointment,,sắp xếp một cuộc hẹn,phr
EN,bulletin board,,bằng thông báo,phr
EN,call back,,gọi lại,phr
EN,confused,,bối rối; lúng túng,adj
EN,deadline.,,hạn chót; thời hạn,n
EN,errand,,việc lặt vặt,n
EN,extend an invitation.,,đưa ra lời mời,phr
EN,get a permit,,xin phép,phr
EN,hand in,,nộp; gửi,phr
EN,have a day off,,có một ngày nghỉ,phr
EN,have a long day,,có một ngày mệt mỏi/ nhiều việc,phr
EN,head up,,lãnh đạo; điều hành,phr
EN,in a hurry,,đang vội; vội vã,phr
EN,in alphabetical order,,theo thứ tự bảng chữ cái,phr
EN,in luck,,may mắn,phr
EN,leave A up to B,,để A cho B,phr
EN,leave A with B,,để A lại với B,phr
EN,listing,,danh sách,n
EN,make a call,,gọi điện thoại,phr
EN,make a correction,,sua sai,phr
EN,make a final change,,thực hiện thay đổi cuối cùng,phr
EN,make a note of,,ghi lại,phr
EN,make an impression,,tạo ấn tượng,phr
EN,move ahead with,,tiến hành; xúc tiến,phr
EN,on a business trip,,trong chuyến công tác,phr
EN,on a weekly basis,,hằng tuần; mỗi tuần,phr
EN,on business,,đi công tác,phr
EN,on duty,,trong ca trực,phr
EN,pick up the phone,,nghe điện thoại,phr
EN,scrub,,chà xát; chùi,v
EN,seal,,đóng dấu,v
EN,speak into the microphone,,nói vào micro,phr
EN,speak on the phone,,nói chuyện điện thoại,phr
EN,stand in a line,,đứng thành một hàng,phr
EN,take a message,,nhận lời nhắn,phr
EN,take apart,,tách ra; thảo ra,phr
EN,utility provider,,nhà cung cấp tiện ích,phr
EN,acquired,,thu được; giành được,adj
EN,adapt,,thích nghi,v
EN,take on responsibility,,chịu trách nhiệm,phr
EN,throw one's effort into,,dồn hết nỗ lực của ai đó vào,phr
EN,arrange items on the shelf,,sắp xếp đồ trên giá,phr
EN,call in sick,,gọi điện thoại báo ốm,phr
EN,cover one's shift,,làm thay ca của ai đó,phr
EN,day-to-day operation,,công việc hằng ngày,phr
EN,in line with,,phù hợp với,phr
EN,officiate,,thi hành nhiệm vụ; làm bổn phận,v
EN,on hold,,tạm dừng; chờ máy (điện thoại),phr
EN,set down to work,,bắt đầu làm; bắt đầu thực hiện,phr
EN,stay awake,,giữ tỉnh táo,phr
EN,strew,,trải; rắc; phân tán,v
EN,take the place of,,thay thế,phr
EN,take turns,,lần lượt; thay phiên,phr
EN,behind schedule,,chậm tiến độ,phr
EN,condense,,làm đặc lại; nói (viết) cô đọng,v
EN,follow up on,,theo đuổi; điều tra,phr
EN,in writing,,bằng văn bản,phr
EN,popularize,,truyền bá; phổ cập,v
EN,productively,,có năng suất; màu mỡ,adv
EN,sincerity.,,sự thật thà; trung thực,n
EN,utilization,,sự dùng; sự tận dụng,n
EN,administrative,,(thuộc) hành chính,adj
EN,be affiliated with,,được liên kết với,phr
EN,conglomerate,,tập đoàn (gồm các công ty con có lĩnh vực hoạt động khác nhau),n
EN,default,,sự bỏ mặc; sự thiếu,n
EN,impending,,sắp xảy ra,adj
EN,proponent,,người bào chữa; người bênh vực,n
EN,proprietor,,chủ sở hữu,n
EN,site inspection,,giám sát hiện trường,phr
EN,subordinate,,cấp dưới,n
EN,subsidiary,,công ty con,n
EN,take initiative,,khởi xướng; tiên phong,phr
EN,telecommute,,làm việc tại nhà,v
EN,bookcase,,kế sách; tủ sách,n
EN,bookshelf,,giá sách,n
EN,case,,ca; trường hợp,n
EN,central office,,văn phòng trung tâm,phr
EN,copy machine,,máy photocopy,phr
EN,fax,,máy fax,n
EN,file folder,,thư mục; tập tin,phr
EN,greet,,chào hỏi,v
EN,handwriting,,chữ viết tay,n
EN,keypad,,bàn phím,n
EN,knife,,con dao,n
EN,log on to,,đăng nhập vào,phr
EN,online,,trên mạng,adj
EN,photocopier,,máy photocopy,n
EN,photocopy,,bản sao,n
EN,print out,,in ra,phr
EN,right away,,ngay; ngay lập tức,phr
EN,spell,,đánh vẫn,v
EN,wrap,,bọc,v
EN,fold,,gấp,v
EN,least,,ít nhất; nhỏ nhất,adj
EN,paper,,giấy,n
EN,planning,,việc lập kế hoạch,n
EN,post,,đăng lên; dán lên; gửi thư,v
EN,press the button,,nhấn nút,phr
EN,server,,người phục vụ; máy chủ,n
EN,store opening,,khai trương cửa hàng,phr
EN,task,,nhiệm vụ,n
EN,be satisfied with,,hài lòng với,phr
EN,be seated,,được xếp chỗ,phr
EN,be surrounded by,,được bao quanh bởi,phr
EN,business contacts,,đối tác kinh doanh,phr
EN,chairperson,,chủ tịch,n
EN,copy editor,,biên tập viên,phr
EN,deep end,,tận cùng,phr
EN,double-sided,,hai mặt,adj
EN,drawer,,ngăn kéo,n
EN,get one's approval,,nhận được sự chấp thuận của ai đó,phr
EN,halfway,,ở giữa,adv
EN,hand over,,bàn giao,phr
EN,in a pile,,thành chồng; thành đống,phr
EN,It could have been worse.,,Nó đã có thể,phr
EN,just in time,,vừa kịp giờ tệ hơn,phr
EN,literacy,,sự biết đọc; biết viết,n
EN,litter,,lựa chọn; ý nhường chỗ cho,n
EN,make a selection,,lựa chọn,phr
EN,make room for,,nhường chỗ cho,phr
EN,out of paper,,hết giấy,phr
EN,praise one's hand,,giơ tay,phr
EN,breport a problem,,báo lỗi,phr
EN,sort,,loại sắp xếp,v
EN,stationery,,văn phòng phẩm,n
EN,take another look,,nhìn lại một lần nữa,phr
EN,take A out,,đưa A ra,phr
EN,typewriter,,máy đánh chữ,n
EN,work in groups,,làm việc theo nhóm,phr
EN,writing pad,,tập giấy viết; sổ tay,phr
EN,anticipation.,,sự đoán trước; sự mong đợi,n
EN,automobile,,xe ô tô,n
EN,be asked to do,,được yêu cầu làm gì,phr
EN,be paid for,,được trả tiền cho,phr
EN,be qualified for,,đủ điều kiện cho,phr
EN,casual,,không chính thức; giản dị,adj
EN,draft,,phác thảo; dự thảo,v
EN,draw on,,dựa vào,phr
EN,excuse,,lý do; lời bào chữa; tha thu,n
EN,head office,,trụ sở chính,phr
EN,in anticipation of,,phòng khi,phr
EN,submit A to B,,gửi A cho B,phr
EN,succeed in -ing,,thành công trong,phr
EN,time-consuming,,tốn thời gian,adj
EN,bookkeeping,,công việc kế toán,n
EN,have one's hands full,,rất bận,phr
EN,make an outside call,,gọi điện thoại ra ngoài,phr
EN,motivation,,động lực,n
EN,newly listed,,mới vào danh sách,phr
EN,prioritize,,dành ưu tiên,v
EN,sit in alternate seats,,ngồi kế tiếp nhau,phr
EN,written authorization,,văn bản ủy quyền,phr
EN,written consent,,văn bản chấp thuận,phr
EN,acquaintance,,người quen,n
EN,dimension,,kích thước; cỡ,n
EN,directive,,chỉ dẫn; hướng dẫn,adj
EN,discerning,,sáng suốt; tinh ý,adj
EN,elegantly,,thanh lịch; tao nhã,adv
EN,expectant,,mong chờ; hảo hức,adj
EN,invaluable,,vô giá,adj
EN,propell,,đẩy đi,v
EN,realization,,sự thực hiện; sự nhận thức rõ,n
EN,recline,,dựa vào; ngả vào,v
EN,repository,,kho; chỗ chứa,n
EN,respective,,tương ứng,adj
EN,spontaneously,,tự ý; tự phát,adv
EN,trivial,,tầm thường; không quan trọng,adj
EN,turn in,,trả lại; nộp lại,phr
EN,ambiance,,môi trường; đặc điểm; không khí,n
EN,aspiration,,nguyện vọng; khát vọng,n
EN,creditable,,vẻ vang; đáng khen ngợi,adj
EN,eminent,,xuất sắc; xuất chúng,adj
EN,endeavor,,sự nỗ lực; sự cố gắng,v
EN,entrust A with B,,giao phó B cho A,phr
EN,on edge,,căng thẳng; bồn chồn,phr
EN,reach one's full potential,,phát huy tối đa tiềm năng của ai đó,phr
EN,briefcase,,cặp đựng tài liệu,n
EN,business trip,,chuyển công tác,phr
EN,come over,,ghé thăm,phr
EN,counter,,quầy thu ngân,n
EN,e-mail,,gửi email,v
EN,filing cabinet,,tủ hồ sơ,phr
EN,folder,,thủ tục,n
EN,headache,,chứng nhức đầu,n
EN,internship,,kỳ thực tập,n
EN,redo,,làm lại,v
EN,routine,,công việc hằng ngày,n
EN,table lamp,,đèn để bàn,phr
EN,thanks to,,nhờ có,phr
EN,timetable,,thời gian biểu,n
EN,window display,,cửa sổ trưng bày (của của hàng),phr
EN,chief,,trọng yếu; chính,adj
EN,conceal,,giấu giếm; che đậy,v
EN,correct,,đúng; chính xác,adj
EN,economic,,thuộc kinh tế; mang lại lợi nhuận,adj
EN,embrace,,ôm; nắm lấy thời cơ,v
EN,expected,,được chờ đợi; kỳ vọng,adj
EN,forum,,diễn đàn,n
EN,instead of,,thay vì,phr
EN,mission,,nhiệm vụ,n
EN,programming,,lập trình,n
EN,remaining,,còn lại,adj
EN,rush,,đổ xô tới; tăng lên đột ngột,v
EN,unfortunately,,thật không may; đáng tiếc,adv
EN,archive,,kho trữ,n
EN,be unwilling to do,,miễn cưỡng làm gì đó,phr
EN,be up late,,thức khuya,phr
EN,blackout,,sự tắt đèn; cúp điện,n
EN,board meeting,,cuộc họp hội đồng quản trị,phr
EN,board of directors,,ban giám đốc,phr
EN,cross one's arms,,khoanh tay,phr
EN,depressing,,làm chán nản; thất vọng,adj
EN,drag,,lôi kéo; kéo lên,v
EN,fold in half,,gấp đôi,phr
EN,fold up,,gặp lại,phr
EN,frighten,,làm hoảng sợ,v
EN,keep going,,tiếp tục,phr
EN,long-term,,dài hạn,adj
EN,look up,,tra cứu; tìm kiếm,phr
EN,look up to,,tôn kính; kính trọng,phr
EN,make a presentation,,thuyết trình,phr
EN,make a revision,,sửa đổi,phr
EN,make an error,,mắc lỗi; mắc sai lầm,phr
EN,meet the deadline,,đáp ứng đúng thời hạn,phr
EN,meet the requirements,,đáp ứng được yêu cầu,phr
EN,mess up,,rối tung lên,phr
EN,My schedule doesn't permit it.,,Lịch làm việc của tôi không cho phép điều đó / Tôi không thể làm được,phr
EN,obvious,,rõ ràng; rành mạch; hiển nhiên,adj
EN,office supplies,,văn phòng phẩm,phr
EN,overlook,,lờ đi; bỏ qua,v
EN,overnight,,qua đêm,adv
EN,papers,,giấy tờ; tài liệu,v
EN,proofread,,đọc soát; hiệu đính,v
EN,rearrange,,sắp xếp lại,v
EN,recondition,,tu sửa; chỉnh đốn; tân trang,v
EN,rest one's chin on one's hand,,chống cằm,phr
EN,stool,,ghế đẩu (không có lưng),n
EN,timecard,,số chấm công,n
EN,wipe,,lau chùi; làm sạch,v
EN,work additional hours,,làm thêm giờ,phr
EN,work shift,,ca làm việc,phr
EN,burdensome,,nặng nề; phiền toái,adj
EN,circulate,,truyền bá; lưu thông,v
EN,commend,,tuyên dương; ca ngợi,v
EN,company,,công ty,n
EN,discourage,,làm chán nản; làm nản lòng,v
EN,distraction,,yếu tố gây sao nhãng,n
EN,failure,,ự thất bại,n
EN,followed by,,theo sau bởi,phr
EN,interruption,,sự gián đoạn,n
EN,make sure,,đảm bảo,phr
EN,mislabeled,,bi dán nhãn sai,adj
EN,observant,,tinh mắt; tinh ý,adj
EN,persuade,,thuyết phục,v
EN,proposed,,được đề nghị; dự kiến,adj
EN,rephrase,,diễn đạt lại (bằng các từ khác),v
EN,concisely,,gãy gọn; súc tích,adv
EN,disapproval,,sự phản đối,n
EN,disapprove,,phản đối; không tán thành,v
EN,do A a favor,,giúp A một việc,phr
EN,do a good job,,làm tốt công việc,phr
EN,draw a distinction between,,chỉ ra sự khác biệt giữa,phr
EN,exposed,,phơi bày ra; lộ ra,adj
EN,intensive,,chuyên sâu; mạnh mẽ; sâu sắc,adj
EN,problematic,,khó giải quyết; khó hiểu; mơ hồ,adj
EN,project coordinator,,điều phối viên dự án,phr
EN,project management,,quản lý dự án,phr
EN,seating capacity,,sức chứa (chỗ ngồi),phr
EN,take care of,,chăm sóc,phr
EN,take on,,đảm nhiệm; gánh vác,phr
EN,tremendous,,ghê gớm; kinh khủng; dữ dội,adj
EN,under the new management,,dưới sự quản lý mới,phr
EN,astute,,sắc sảo; tinh khôn; mánh khỏe,adj
EN,bring along.,,mang theo,phr
EN,compartment,,gian; ngăn,n
EN,give way to,,nhường đường cho,phr
EN,overwork,,làm việc quá sức,n
EN,put down,,ghi chép lại; đặt xuống,phr
EN,reach the solution,,tìm ra giải pháp,phr
EN,recharge,,nạp lại,v
EN,smock,,áo khoác mặc ngoài; áo bờ lu,n
EN,accessibility,,khả năng tiếp cận được,n
EN,coordinator,,điều phối viên,n
EN,customary,,thông thường; theo lệ thường,adj
EN,disrupt,,đập gãy; phá vỡ; làm gián đoạn,v
EN,elevate,,nâng lên; đưa lên,v
EN,formality,,nghi lễ; nghi thức; thủ tục,n
EN,restraint,,sự kiếm chế,n
EN,sign out,,đăng xuất,phr
EN,undeniable,,không thể phủ nhận; không thể bác bỏ,adj
EN,violation,,sự vi phạm,n
EN,aggravate,,làm trầm trọng thêm,v
EN,contingency,,sự ngẫu nhiên; việc bất ngờ,n
EN,draw the line at,,đặt ra một giới hạn,phr
EN,draw up,,phác thảo; soạn thảo,phr
EN,evacuate,,rút khỏi; sơ tán,v
EN,in commemoration of,,để kỷ niệm,phr
EN,on probation,,trong thời gian thử việc,phr
EN,overestimate,,đánh giá quá cao,v
EN,privilege,,đặc quyền; lợi thế,n
EN,restructure,,tổ chức lại; cơ cấu lại,v
EN,segregate A from B,,cách ly A khỏi B,phr
EN,trigger,,làm nổ ra; gây ra,v
EN,wary of,,cảnh giác với,phr
EN,backpack,,ba lô,n
EN,bike,,xe đạp,n
EN,cabin,,buồng; buồng lái,n
EN,climb a mountain,,leo núi,phr
EN,film festival,,liên hoan phim,phr
EN,fishing,,câu cá,n
EN,gallery,,phòng trưng bày (nghệ thuật),n
EN,invitation,,lời mời; giấy mời,n
EN,lawn,,bãi cỏ,n
EN,paint,,sơn; y về,n
EN,painting,,bức tranh,n
EN,play cards,,chơi bài,phr
EN,public library,,thư viện công cộng,phr
EN,race,,cuộc đua;,n
EN,resort,,đua xe; chạy đua,v
EN,theater,,khu nghỉ dưỡng,n
EN,watch a film,,nhà hát,n
EN,adventure,,xem một bộ phim,phr
EN,art museum,,cuộc phiêu lưu phe bảo tàng nghệ thuật,n
EN,begin,,bắt đầu,v
EN,bring,,mang tới; mang lại,v
EN,care for,,quan tâm đến; chăm sóc cho,phr
EN,concert,,buổi hòa nhạc,n
EN,length,,chiều dài,n
EN,leisure,,thời gian rảnh rỗi,n
EN,librarian,,thủ thư; người quản lý thư viện,n
EN,menu,,thực đơn,n
EN,sightseeing,,sự tham quan; cuộc tham quan,n
EN,amusement park,,công viên giải trí,phr
EN,ancient history,,lịch sử cổ đại,phr
EN,artifact,,đồ tạo tác,n
EN,auditorium,,khán phòng,n
EN,be booked up,,đã bán hết (vẻ; phòng),phr
EN,box office,,phòng vé,phr
EN,cheerful,,vui mừng,adj
EN,choir,,đội hợp xướng; đội đồng ca,n
EN,entertain,,giải trí; tiêu khiển,v
EN,flower arrangement,,cắm hoa,phr
EN,flower bed,,luống hoa,n
EN,go to a film,,đi xem phim,phr
EN,grip,,nắm chặt; nắm vững,v
EN,have a race,,đua,phr
EN,jog along the street,,chạy bộ dọc phố,phr
EN,musical instrument,,nhạc cụ,phr
EN,oar,,mái chèo;,n
EN,oil painting,,tranh sơn dầu,phr
EN,outdoor,,ngoài trời,adj
EN,paddle,,chèo thuyền,v
EN,premiere,,buổi ra mắt,n
EN,rake leaves,,cào lá,phr
EN,recreational activity,,hoạt động giải trí,phr
EN,right,,quyền; lẽ phải,n
EN,running time,,thời gian thực hiện,phr
EN,sail a boat,,chào thuyền,phr
EN,slide down,,trượt xuống,phr
EN,splash,,bắn lên; tóe lên,v
EN,sport tournament,,giải thi đấu thể thao,phr
EN,stadium,,sân vận động,n
EN,stay up,,thức,phr
EN,stroll,,đi dạo,v
EN,take a break,,nghỉ ngơi,phr
EN,take A for a walk,,đi dạo cùng A,phr
EN,take a photograph,,chụp một tấm ảnh,phr
EN,take a walk,,đi dạo; tản bộ,phr
EN,take great pleasure,,thích; tận hưởng,phr
EN,touch up a photograph,,chỉnh sửa ảnh,phr
EN,vacation package,,gói du lịch,phr
EN,wait for seats,,chờ tới lượt,phr
EN,wait in line,,xếp hàng chờ,phr
EN,water the plants,,tưới cây,phr
EN,amuse,,làm cho ai đó thích thú; giải trí,v
EN,artistic,,liên quan đến nghệ thuật; có khiếu nghệ thuật,adj
EN,donate,,quyền góp,v
EN,even though,,mặc dù,phr
EN,exhibit,,cuộc triển lãm,n
EN,exist,,tồn tại,v
EN,free admission,,miễn phí vào cửa,phr
EN,make oneself at home,,cứ tự nhiên như ở nhà,phr
EN,municipal,,thuộc thành phố; đô thị,adj
EN,several,,vài; một số,adj
EN,spectator,,người xem; khán giả,n
EN,usher,,người chỉ chỗ (trong rạp),n
EN,win a contest,,thắng cuộc thi,phr
EN,admission to,,được nhận vào,phr
EN,contestant,,thí sinh,n
EN,delight,,sự vui sướng,n
EN,do one's hair,,làm tóc cho ai đó,phr
EN,enjoyable,,thích thú; thú vị,adj
EN,group rate,,mức giá theo nhóm,phr
EN,head for,,đi đến; hướng tới,phr
EN,out of order,,bị hỏng,phr
EN,periodical,,ấn phẩm định kỳ,n
EN,playing field,,sân bóng; sân thể thao,phr
EN,register for,,ghi danh; đăng ký,phr
EN,show up,,xuất hiện,phr
EN,take a tour,,đi tham quan,phr
EN,be in line,,xếp hàng,phr
EN,for a change,,để thay đổi,phr
EN,pass the time,,quá thời gian,phr
EN,pose,,tư thế,v
EN,stay tuned,,dùng chuyển kênh; lốp tục theo dõi,phr
EN,vacate,,bỏ trống; bỏ; xin thôi,v
EN,appreciative.,,đánh giá cao; hài lòng,adj
EN,casually,,tình cờ; ngẫu nhiên,adv
EN,enlightening,,khai sáng,adj
EN,enthusiastically,,nhiệt tình; hăng hái,adv
EN,excellence,,sự xuất sắc; sự vượt trội,n
EN,excursion,,cuộc du ngoạn,n
EN,festivity,,sự hân hoan,n
EN,flock,,tu tập,v
EN,intriguingly,,thích thú; tò mò,adv
EN,leg room,,không gian để chân (trên ô tô),phr
EN,mural,,bích họa,n
EN,portrait,,chân dung,n
EN,publication,,ấn phẩm; sự xuất bản,n
EN,sculpture,,nghệ thuật điêu khắc; tác phẩm điêu khắc,n
EN,transferable,,có thể dịch chuyển; có thể chuyển nhượng,adj
EN,unsanitary,,không hợp vệ sinh,adj
EN,be in the mood for -ing,,muốn làm gì đó,phr
EN,botanical garden,,vườn bách thảo,phr
EN,censorship,,công tác kiểm duyệt,n
EN,have yet to do,,vẫn chưa làm gì,phr
EN,intermission,,giờ giải lao,n
EN,memoirs,,hồi ký,n
EN,must-see,,đáng xem; nhất định phải xem,phr
EN,rally,,đại hội,n
EN,ridiculous,,lố bịch,adj
EN,roam around,,đi loanh quanh,phr
EN,a couple of,,một vài; một số,phr
EN,athlete,,vận động viên,n
EN,call for,,kêu gọi; đến đón,phr
EN,cart,,xe đẩy,n
EN,customer service representative,,nhân viên chăm sóc khách hàng,phr
EN,get a phone call,,nhận cuộc gọi,phr
EN,give a call,,gọi điện,phr
EN,have one's hair cut,,cắt tóc,phr
EN,Just for a minute.,,đợi một chút,phr
EN,laundry service,,dịch vụ giặt là,phr
EN,leave a message,,để lại lời nhắn,phr
EN,product logo,,logo sản phẩm,phr
EN,rinse,,rửa; súc; giũ,v
EN,voice mail,,thư thoại,phr
EN,as soon as possible,,càng sớm càng tốt,phr
EN,complain,,phàn nàn,v
EN,counselor,,chuyên gia cố vấn,n
EN,for free,,miễn phí,phr
EN,grocery store,,cửa hàng tạp hóa,phr
EN,invite,,mời,v
EN,often,,thường; thường xuyên,adv
EN,option,,lựa chọn,n
EN,pleasure,,niềm vui thích,n
EN,positive,,lạc quan; tích cực,adj
EN,relationship,,mối quan hệ,n
EN,site,,địa điểm,n
EN,successfully,,thành công,adv
EN,visit,,sự thăm viếng,n
EN,a loaf of,,một ổ (bánh mỳ),phr
EN,affair,,việc sự vụ,n
EN,aisle,,lối đi giữa các dãy ghế,n
EN,annoy,,gây khó chịu; chọc tức,v
EN,at no charge (= at no cost),,không mất phí,phr
EN,at no extra charge,,không mất thêm phí,phr
EN,be on another call,,(điện thoại) đang bận,phr
EN,ceremonial,,thuộc nghi lễ; long trọng,adj
EN,for your own safety,,vì sự an toàn của chính bạn,phr
EN,follow-up,,sắp tới; tiếp theo,adj
EN,get a replacement,,được đổi,phr
EN,handheld,,cầm tay,adj
EN,head toward,,hướng về,phr
EN,hold the line,,giữ máy,phr
EN,just to make sure,,chỉ để chắc chắn,phr
EN,leftover,,thừa; còn lại,adj
EN,look through the manual,,xem qua sách hướng dẫn,phr
EN,on delivery,,đang được giao,phr
EN,pharmacist,,dược sĩ,n
EN,potential customer,,khách hàng tiềm năng,phr
EN,prepaid,,trả trước,adj
EN,questionnaire,,bảng câu hỏi,n
EN,recall,,thu hồi (hàng lỗi,v
EN,return a phone call,,gọi lại (điện thoại),phr
EN,ridiculously,,buồn cười; lố bịch,adv
EN,take back,,lấy lại; rút lại,phr
EN,troubleshoot,,khắc phục (sự cố); kiểm tra (trục trặc),v
EN,tune,,làm cho hòa hợp; điều chỉnh,v
EN,wardrobe,,tủ quần áo,n
EN,water-resistant,,chống nước; không ngấm nước,adj
EN,adverse,,bất lợi; đối địch,adj
EN,argument,,lý lẽ; sự tranh cãi,n
EN,as requested,,theo yêu cầu,phr
EN,defect,,lỗi; khuyết điểm,n
EN,discouraging,,làm chán nản,adj
EN,escort,,hộ tống,v
EN,exterior,,ở ngoài,adj
EN,further,,xa hơn; thêm nữa,adj
EN,go on,,tiếp tục,phr
EN,graciously,,hòa nhã; tử tế,adv
EN,inconvenient,,bất tiện,adj
EN,instant,,lập tức; dùng ngay được,adj
EN,bare,,trần; trống không,adj
EN,button up,,cài khuy,phr
EN,casualty,,người thương vong; tổn thất,n
EN,deputy,,người đại diện,n
EN,mend,,hàn gắn; sửa chữa,v
EN,testimonial,,thư tiến cử,n
EN,adaptability,,khả năng thích nghi,n
EN,aggression,,sự gây hấn; sự xâm lược,n
EN,censure,,sự phê bình,n
EN,claims department,,phòng bồi thường (của công ty bảo hiểm),phr
EN,compelling,,hấp dẫn; thuyết phục,adj
EN,decisive,,mang tính quyết định; quả quyết,adj
EN,distress,,nỗi đau khổ,n
EN,facilitate,,làm cho dễ dàng; tạo điều kiện,v
EN,factually,,đúng như thật,adv
EN,fleetingly,,mau lẹ; nhanh chóng,adv
EN,frankly,,thẳng thần,adv
EN,nourish,,nuôi dưỡng; ấp ủ,v
EN,reinforcement,,sự củng cố,n
EN,sparsely,,thưa thớt; rải rác,adv
EN,unwavering,,kiên định; vững vàng,adj
EN,vibrant,,rung động; sôi nổi,adj
EN,wonder,,tự hỏi,v
EN,blemish,,vết nhơ; nhược điểm,n
EN,armchair,,ghế bành,n
EN,cleanup,,sự dọn dẹp,n
EN,decoration,,sự trang hoàng; đồ trang trí,n
EN,fence,,hàng rào,n
EN,floor,,sàn nhà; tầng nhà,n
EN,frame,,khung; khung ảnh,n
EN,furniture,,đồ đạc; đồ nội thất,n
EN,garage,,nhà để ô tô,n
EN,heating system,,hệ thống lò sưởi,phr
EN,lobby,,hành lang,n
EN,remodeling,,sự sửa đổi; tu sửa lại,n
EN,rooftop,,mái nhà,n
EN,rope,,dây thừng,n
EN,stick,,gậy; que,n
EN,tank,,thùng; két; bể,n
EN,veranda,,mái hiện,n
EN,desktop,,thiết kế để bàn,adj
EN,dwell,,ở; ngụ; dừng lại ở,v
EN,fireplace,,lò sưởi,n
EN,heat,,nhiệt; sức nóng,n
EN,homemade,,làm tại nhà,adj
EN,homeowner,,chủ nhà,n
EN,inhabit,,ở; sống ở,v
EN,lighten,,chiếu sáng,v
EN,neighbor,,hàng xóm,n
EN,urban,,thành thị; thuộc thành phố,adj
EN,washing machine,,máy giặt,phr
EN,architecture,,công trình kiến trúc; kiểu kiến trúc,n
EN,canopy,,vòm; mái che,n
EN,cast a shadow,,phủ bóng đen,phr
EN,column,,cột; hàng dọc,n
EN,courtyard,,sân trong,n
EN,cupboard,,tủ chén,n
EN,cut the grass,,cắt cỏ,phr
EN,dedication ceremony,,lễ khánh thành,phr
EN,doorway,,của; ô cửa; lối vào,n
EN,dresser,,tủ ngăn kéo,n
EN,emergency exit,,lối thoát hiểm,phr
EN,erect,,vươn lên,v
EN,every hour on the hour,,cứ mỗi giờ,phr
EN,faucet,,vòi nước,n
EN,floor plan,,sơ đồ mặt sản,phr
EN,flooring,,sự làm sàn nhà,n
EN,front door,,cửa trước,phr
EN,hallway,,hành lang ở cửa ra vào,n
EN,hammering,,sự nện búa; trận đòn,n
EN,handrail,,lan can,n
EN,home-improvement,,sự nâng cấp nhà,n
EN,lamppost,,cột đèn,n
EN,lean against the fence,,dựa vào hàng rào,phr
EN,light bulb,,bóng đèn,phr
EN,make repairs,,sửa chữa,phr
EN,make the bed,,dọn giường,phr
EN,multistory,,nhiều tầng; cao tầng,adj
EN,outdoor wall,,tường ngoài,phr
EN,plug in,,cắm phích điện,phr
EN,pole,,cột; cọc; sào,n
EN,private residence,,dinh thự riêng,phr
EN,put away,,cất đi; gác lại,phr
EN,rebuild,,xây lại,v
EN,repairperson,,thợ sửa chữa,n
EN,spread on,,trải; lan trên,phr
EN,staircase,,cầu thang (có lan can),n
EN,stairway.,,bậc thang,n
EN,storage cabinet,,tủ cất giữ,phr
EN,switch on,,bật lên,phr
EN,turn on its side,,lật nghiêng,phr
EN,undergo renovation,,đang được cải tạo,phr
EN,windowsill,,bậu cửa sổ,n
EN,construct,,xây dựng,v
EN,describe,,miêu tả; mô tả,v
EN,desirable,,đáng mơ ước; đáng khao khát,adj
EN,structure,,cấu trúc; kết cấu,n
EN,access road,,đường nối,phr
EN,arrange the furniture,,sắp xếp đồ đạc,phr
EN,be arranged on the patio,,được sắp xếp ở ngoài hiên,phr
EN,built-in,,gắn liền; tích hợp,adj
EN,carpentry,,nghề mộc,n
EN,fire alarm,,chuông báo cháy,phr
EN,fire extinguisher,,bình cứu hỏa,phr
EN,fitting room,,phòng thử đồ,phr
EN,fixture,,vật/đồ đạc cố định,n
EN,homebuilder,,thợ xây; công ty xây dựng,n
EN,housekeeping,,công việc nội trợ,n
EN,housewares,,đồ gia dụng,n
EN,housing development,,sự phát triển nhà ở,phr
EN,in error,,vì nhầm lẫn/sai sót,phr
EN,overprice,,bán đắt,v
EN,reinforce,,tăng cường; củng cố,v
EN,resident,,cư dân,n
EN,restoration,,sự khôi phục; sự sửa chữa,n
EN,scrubbing,,sự chà xát,n
EN,skyscraper,,tòa nhà chọc trời,n
EN,space-saving,,tiết kiệm không gian,adj
EN,tenant,,người thuê nhà,n
EN,archway,,lối đi có mái vòm,n
EN,be mounted on,,được lắp; được gắn vào,phr
EN,dig with a shovel,,đào bằng xẻng,phr
EN,drain,,rút; tháo; làm cạn (nước),v
EN,hedge,,hàng rào,n
EN,landlord,,chủ nhà,n
EN,ledge,,gờ; rìa (tường),n
EN,lock oneself out of one's house,,tự khóa mình bên ngoài,phr
EN,plumber,,thợ sửa ống nước,n
EN,porch,,hiên nhà,n
EN,run the tap,,mở vòi,phr
EN,saw,,cái cưa,n
EN,scaffolding,,giàn giáo,n
EN,screw,,đinh vít,n
EN,symmetrically,,đối xứng,adv
EN,tear down,,tháo dỡ; phá,phr
EN,uninhabited,,không có người ở; bỏ không,adj
EN,woodwork,,đồ gỗ; nghề mộc,n
EN,complex,,khu phức hợp,n
EN,constructively,,có tính xây dựng,adv
EN,locale,,địa điểm; bối cảnh,n
EN,maintenance,,sự bảo trì; bảo quản,n
EN,reconfiguration,,sự tái cấu trúc,n
EN,startle,,làm giật mình,v
EN,annex,,nhà phụ,n
EN,demolish,,phá bỏ; phá hủy,v
EN,demolition,,sự phá hủy,n
EN,for lease,,cho thuê,phr
EN,insulation,,sự cách nhiệt/cách âm,n
EN,premises,,nhà cửa; vườn tược,n
EN,rack,,giá đỡ,n
EN,shockproof,,chịu va đập,adj
EN,after all,,rốt cuộc; suy cho cùng,phr
EN,answer the phone,,nghe điện thoại,phr
EN,as it is,,vốn như thế; như là,phr
EN,be based on,,dựa trên,phr
EN,be familiar with,,quen thuộc với,phr
EN,concrete,,cụ thể,adj
EN,conflict with,,mâu thuẫn với,phr
EN,on display,,trưng bày,phr
EN,shadow,,bóng tối; bóng râm,n
EN,around the world,,khắp thế giới,phr
EN,array,,sự dàn trận; hàng ngũ chỉnh tề,n
EN,attempt,,cố gắng; thử,v
EN,audiovisual,,nghe nhìn,adj
EN,avoid,,ngăn ngừa; tránh xa,v
EN,based,,dựa trên; có trụ sở ở,adj
EN,cinema,,rạp chiếu phim,n
EN,competitive,,có tính cạnh tranh,adj
EN,conclude,,kết luận,v
EN,energy drink,,nước tăng lực,phr
EN,find out,,tim ra,phr
EN,informal,,không trang trọng; thân mật,adj
EN,marketplace,,thương trường,n
EN,practice,,sự luyện tập; sự thực hành,n
EN,public relations (PR) department,,bộ phận quan hệ công chúng,phr
EN,sales,,doanh số; việc bán hàng,adj
EN,strict,,nghiêm khắc; nghiêm ngặt,adj
EN,tool,,công cụ,n
EN,typical,,đặc trưng; tiêu biểu,adj
EN,a piece of equipment,,một thiết bị,phr
EN,all the way,,hoàn toàn; hết mức; suốt,phr
EN,appealing,,cầu khẩn; cảm động; lôi cuốn,adj
EN,at once,,ngay lập tức,phr
EN,definite,,rõ ràng; xác định,adj
EN,distinguish,,phân biệt,v
EN,extraordinary,,là thường; đặc biệt,adj
EN,good for,,tốt cho,phr
EN,in bloom,,(hoa) no,phr
EN,in reference to,,liên quan đến,phr
EN,market stall,,quầy hàng ở chợ,phr
EN,mechanism,,cơ chế; cơ cấu,n
EN,metropolitan area,,khu vực đô thị,phr
EN,national holiday,,quốc lễ,phr
EN,on schedule,,đúng tiến độ,phr
EN,classified ad,,mục rao vặt (trên báo),phr
EN,compilation,,sự biên soạn; tài liệu biên soạn,n
EN,comprehensible,,có thể hiểu; lĩnh hội được,adj
EN,criticize,,phê bình; binh phẩm,v
EN,dumping,,sự bán phá giá,n
EN,first priority,,ưu tiên hàng đầu,phr
EN,fixed price,,giá cố định,phr
EN,have control over,,kiểm soát được,phr
EN,have little chance of -ing,,có ít cơ hội,phr
EN,in favor of,,ủng hộ ai/cái gì,phr
EN,keep A informed of B,,thông báo cho A về B,phr
EN,make an assessment,,thẩm định; đánh giá,phr
EN,mediate,,hòa giải; dàn xếp,v
EN,minimize the risk of,,giảm thiểu rủi ro,phr
EN,modestly,,khiêm tốn,adv
EN,persistent,,bền bỉ; kiên trì,adj
EN,publicity,,sự công khai,n
EN,release date,,ngày phát hành ra mắt,phr
EN,stay competitive,,luôn cạnh tranh,phr
EN,striking difference,,sự khác biệt nổi bật,phr
EN,take a long time,,mất một thời gian dài,phr
EN,take action,,hành động,phr
EN,trademark,,nhãn hiệu thương mại,n
EN,turn to,,chuyển sang,phr
EN,unacceptable.,,không thể chấp nhận,adj
EN,verify,,thẩm tra; xác minh,v
EN,with the exception of,,ngoại trừ,phr
EN,without notice,,không thông báo; bất ngờ,phr
EN,all-out,,dốc hết sức; dốc toàn lực,adj
EN,all walks of life,,mọi tầng lớp xã hội,phr
EN,at a stretch,,một lần; một mạch,phr
EN,back up,,hậu thuẫn; sao lưu,phr
EN,focus group,,nhóm tập trung,phr
EN,misleading,,làm cho lạc lối,adj
EN,capture,,bắt giữ; chiếm được,v
EN,consolidate,,hợp nhất; củng cố,v
EN,contend,,đấu tranh,v
EN,gauge,,đo; đánh giá,v
EN,momentum,,xung lượng; sức đẩy; đà,n
EN,recognizable,,có thể nhận ra,adj
EN,segment,,đoạn; phân khúc,n
EN,telling,,rất hiệu quả; đanh thép; đích đáng,adj
EN,confiscation,,sự thu hồi; tịch thu,n
EN,constitute,,cấu thành; tạo thành,v
EN,drive up,,tăng nhanh (giá),phr
EN,endorsement,,sự xác nhận; tán thành,n
EN,feasibility study,,nghiên cứu khả thi,phr
EN,intervention,,sự can thiệp,n
EN,irretrievable,,không thể cứu vãn,adj
EN,jeopardize,,gây nguy hiểm; hủy hoại,v
EN,legible,,rõ ràng; dễ đọc,adj
EN,lose ground,,mất vị trí; thất thế,phr
EN,public profile,,lý lịch công khai,phr
EN,reputable,,có uy tín; có danh tiếng,adj
EN,set forth,,đưa ra; nêu ra; bắt đầu một hành trình,phr
EN,set out,,sắp đặt; bố trí,phr
EN,setback,,sự thoái lui; sự giảm sút,n
EN,take a stand against,,phản đối,phr
EN,underlying,,cơ bản; cơ sở,adj
EN,vanish,,biến mất,v
EN,celebration,,sự kỷ niệm; lễ kỷ niệm,n
EN,curious,,tò mò; ham hiểu biết,adj
EN,drop by,,ghé qua,phr
EN,first step,,bước đầu tiên,phr
EN,for now,,bây giờ; hiện tại,phr
EN,gather,,tập hợp; thu thập,v
EN,get together,,gặp gỡ; tụ họp,phr
EN,hole,,lỗ thủng; lỗ hổng,n
EN,in total,,tổng cộng; toàn bộ,phr
EN,in use,,được sử dụng; thông dụng,phr
EN,practical,,thiết thực; có ích,adj
EN,shovel,,cái xẻng,n
EN,show,,cho xem; tỏ ra,v
EN,space,,chỗ; không gian,n
EN,advertise,,quảng cáo,v
EN,belief,,niềm tin; tín ngưỡng,n
EN,belong to,,của; thuộc về,phr
EN,be open for business,,mở cửa kinh doanh,phr
EN,best-selling author,,tác giả sách bán chạy,phr
EN,consumer,,người tiêu dùng,n
EN,entry fee,,phí vào cửa,phr
EN,experiment,,cuộc thí nghiệm; thử nghiệm,n
EN,findings,,kết quả; các phát hiện,n
EN,full,,đầy; no; hết sức,adj
EN,obviously,,rõ ràng; hiển nhiên,adv
EN,photographer,,nhiếp ảnh gia; thợ chụp ảnh,n
EN,primarily,,đầu tiên; chủ yếu,adv
EN,sales target,,mục tiêu về doanh số,phr
EN,advertising campaign,,chiến dịch quảng cáo,phr
EN,be anxious to do,,nóng lòng làm gì đó,phr
EN,bring on,,gây ra,phr
EN,chase,,săn; đuổi,v
EN,come along,,đi cùng,phr
EN,come loose,,nơi lỏng; lỏng ra,phr
EN,conditional,,có điều kiện,adj
EN,customer survey,,khảo sát khách hàng,phr
EN,date back to,,từ; bắt đầu từ (thời gian trong quá khứ),phr
EN,depict,,mô tả,v
EN,destruction,,sự phá hủy,n
EN,enter into,,tham gia vào; bắt đầu làm gì đó,phr
EN,get back to,,liên lạc lại,phr
EN,gradual,,dần dần; từng bước một,adj
EN,inactive,,không hoạt động; Ì ạch,adj
EN,in the meantime,,trong lúc đó,phr
EN,invalid,,không có hiệu lực,adj
EN,look over,,xem qua,phr
EN,make up one's mind,,quyết định,phr
EN,meaningful,,có ý nghĩa,adj
EN,put a rush,,với vàng,phr
EN,put a strain on,,gây áp lực lên,phr
EN,put up with,,chịu đựng,phr
EN,reach for,,vươn tới; tiếp cận với,phr
EN,stay ahead of,,dẫn đầu,phr
EN,A as well as B,,A cũng như là B,phr
EN,ample,,nhiều; phong phú,adj
EN,a range of,,một loạt,phr
EN,attend to a client,,chăm sóc khách hàng,phr
EN,confront,,đương đầu,v
EN,context,,bối cảnh; ngũ cảnh,n
EN,despair,,sự thất vọng; nỗi tuyệt vọng,n
EN,disconnected,,bị ngắt; bị tháo rời ra,adj
EN,dissatisfied,,không hài lòng; bất mãn,adj
EN,driven,,bị tác động,adj
EN,dynamic,,năng động; sôi nổi,adj
EN,eagerly await,,hảo hức chờ đợi,phr
EN,enormous,,to lớn; khổng lồ,adj
EN,fall behind,,tụt lại phía sau,phr
EN,feasible,,khả thi,adj
EN,forwarding address,,địa chỉ gửi chuyển tiếp thư,phr
EN,get over,,vượt qua,phr
EN,impress,,gây ấn tượng,v
EN,inadequate,,không đủ; không tương xứng,adj
EN,in a timely fashion,,một cách kịp thời,phr
EN,irreplaceable,,không thể thay thế được,adj
EN,limitation,,sự hạn chế; sự giới hạn,n
EN,massive,,lớn; thô; có quy mô lớn,adj
EN,point out,,chỉ ra,phr
EN,rave review,,bài đánh giá tích cực,phr
EN,repeatedly,,lặp đi lặp lại,adv
EN,strategically,,một cách chiến lược,adv
EN,unveil,,tiết lộ; công bố,v
EN,a great deal,,nhiều; rất nhiều,phr
EN,be sensitive to,,nhạy cảm với,phr
EN,bother to do,,mất thời gian; công sức để làm gì,phr
EN,call off,,hoãn lại; hủy bỏ,phr
EN,carry out market studies,,tiến hành nghiên cứu thị trường,phr
EN,come across,,tình cờ gặp,phr
EN,contrive to do,,xoay xở làm gì,phr
EN,deliberate,,thong thả; khoan thai; có tính toán,adj
EN,discounted rate,,tỷ lệ chiết khấu,phr
EN,have a tendency to do,,có xu hướng làm gì,phr
EN,have an opportunity to do,,có cơ hội làm gì,phr
EN,have something to do with,,có liên quan tới,phr
EN,in turn,,lần lượt; kết quả là,phr
EN,make no exception,,không có ngoại lệ,phr
EN,televise,,phát trên truyền hình,v
EN,discipline,,kỷ luật,n
EN,jingle,,tiếng leng keng,n
EN,mobility,,tính lưu động; tính dễ biến đổi,n
EN,abruptly,,bất ngờ; đột ngột,adv
EN,absorbing,,hấp dẫn; làm say mê,adj
EN,admiringly,,khâm phục; ngưỡng mộ,adv
EN,at large,,nói chung; phần lớn,phr
EN,boast about,,tự hào về; khoe khoang về,phr
EN,correspondent,,phóng viên,n
EN,counterpart,,bản đối chiếu; người tương nhiệm,n
EN,defeat,,đánh bại,v
EN,diversify,,đa dạng hóa,v
EN,dominant,,có ưu thế hơn; trội hơn,adj
EN,fabulous,,hoang đường; khó tin,adj
EN,fortify,,củng cố; tăng cường,v
EN,fundamental,,cơ bản; chủ yếu,adj
EN,mingle,,trộn lẫn; lẫn vào,v
EN,preciously,,quý giá; kiểu cách,adv
EN,stark,,ảm đạm; bình dị,adj
EN,steadiness,,sự vững chắc; ổn định,n
EN,alluring,,quyến rũ; lôi cuốn,adj
EN,assimilate,,đồng hóa; hòa nhập,v
EN,at all costs,,bằng mọi giá,phr
EN,await,,chờ đợi,v
EN,captivate,,làm say đắm; quyến rũi,v
EN,culminate in,,kết thúc bằng; đem lại kết quả,phr
EN,defiance,,sự thách thức; sự bất chấp,n
EN,dissipate,,xua tan; làm tiêu tan,v
EN,driving force,,động lực,phr
EN,elicit,,gợi ra,
EN,overwhelming,,tràn ngập; lấn át,adj
EN,voiced,,bằng lời nói,adj
EN,brand new,,hoàn toàn mới,phr
EN,break down,,hỏng; trục trặc,phr
EN,developer,,nhà phát triển,n
EN,handmade,,thủ công,adj
EN,in a row,,thành hàng,phr
EN,late,,muộn; chậm; trễ,adj
EN,lid,,nắp; vung,n
EN,sample,,lấy mẫu; thử,n
EN,shape,,tạo hình; định hướng,v
EN,switch off,,tắt; ngắt,phr
EN,turn off (>< turn on),,tắt,phr
EN,be known for,,được biết đến bởi; nổi tiếng vì,phr
EN,be made of,,được làm từ,phr
EN,catalog,,danh mục,n
EN,chemist,,nhà hóa học,n
EN,close down,,đóng cửa; ngừng hoạt động,phr
EN,control,,sự kiểm soát,n
EN,design,,thiết kế,v
EN,discovery,,sự khám phá,n
EN,historic,,được ghi vào lịch sử; có tính lịch sử,adj
EN,invention,,phát minh; sáng chế,n
EN,original,,đầu tiên; gốc,adj
EN,receive,,nhân,v
EN,repeat,,lặp lại,v
EN,request form,,phiếu yêu cầu,phr
EN,sensor,,thiết bị cảm biến,n
EN,technique,,công nghệ,n
EN,test,,bài kiểm tra,n
EN,a series of,,một chuỗi,phr
EN,check the manual.,,xem sổ tay hướng dẫn,phr
EN,come up with,,nghĩ ra (ý tưởng); tạo ra,phr
EN,enter a contest,,tham gia cuộc thi,phr
EN,give a demonstration of,,minh họa (cái gì),phr
EN,go straight to,,đi thẳng đến,phr
EN,laboratory,,phòng thí nghiệm,n
EN,latest work,,tác phẩm mới nhất,phr
EN,lightweight,,nhẹ; không quan trọng,adj
EN,out-of-date,,cũ; lỗi thời,adj
EN,product designer,,người thiết kế sản phẩm,phr
EN,product display,,việc trưng bày sản phẩm,phr
EN,redesign,,sự thiết kế lại,n
EN,trial period,,thời gian thử nghiệm,phr
EN,try out,,thử,phr
EN,unplug the equipment,,rút phích cắm thiết bị,phr
EN,up-to-date,,cập nhật; hiện đại; hợp thời,adj
EN,user's guide,,hướng dẫn sử dụng,phr
EN,waterproof,,chống nước,adj
EN,well-prepared,,được chuẩn bị tốt,adj
EN,with the lights on,,đang bật đèn,phr
EN,advancement,,sự tiến bộ; sự thúc đẩy,n
EN,appliance,,thiết bị; dụng cụ,n
EN,aside from,,ngoại trừ,phr
EN,certified,,được chứng nhận,adj
EN,complementary,,bù; bổ sung,adj
EN,composition,,sự cấu thành; thành phần,n
EN,consist of,,bao gồm,phr
EN,cooperative,,mang tính tập thể; hợp tác,adj
EN,delighted,,vui mừng; vui lòng,adj
EN,designed,,được thiết kế,adj
EN,durable,,bền; chắc chắn,adj
EN,electronics,,điện tử,n
EN,except for,,ngoại trừ,phr
EN,exploration,,sự thăm dò; sự thám hiểm,n
EN,imaginable,,có thể tưởng tượng được,adj
EN,innovate,,đổi mới; cách tân,v
EN,interpretation,,sự giải thích; cách hiểu,n
EN,licensed,,được cấp phép,adj
EN,mechanical,,(thuộc) cơ khí; máy móc,adj
EN,prediction,,sự dự đoán; dự báo,n
EN,prototype,,mẫu đầu tiên; nguyên mẫu,n
EN,quantity,,số lượng,n
EN,remnant,,vật còn lại; tàn dư,n
EN,screen,,màn hình,n
EN,suspend,,treo; đình chỉ,v
EN,technical,,thuộc về kỹ thuật,adj
EN,unfavorable,,bất lợi; không được ưa thích,adj
EN,vulnerable to,,mỏng manh; dễ bị tổn thương,phr
EN,be carried out,,được thực hiện,phr
EN,be designed to do,,được thiết kế để,phr
EN,breakthrough,,sự đột phá,n
EN,by the time,,vào lúc; khi,phr
EN,collaboration,,sự cộng tác,n
EN,copyright,,bản quyền,n
EN,custom-built,,được sản xuất theo đơn đặt hàng riêng,adj
EN,customize,,tùy chỉnh,v
EN,disruption,,sự gián đoạn,n
EN,energy efficiency,,tiết kiệm năng lượng,phr
EN,energy source,,nguồn năng lượng,phr
EN,expand into,,mở rộng thành,phr
EN,fuel consumption,,việc tiêu thụ nhiên liệu,phr
EN,guidance,,sự hướng dẫn; sự chỉ đạo,n
EN,keep one's eye on,,để mắt tới,phr
EN,limited edition,,phiên bản giới hạn,phr
EN,long-lasting,,bền; lâu dài,adj
EN,plenty of,,rất nhiều,phr
EN,smoke detector,,bộ cảm biến khói,phr
EN,be stacked on top of each other,,được xếp chồng lên nhau,phr
EN,hectic,,cuồng nhiệt; sôi nổi,adj
EN,intently,,chăm chú; chú tâm,adv
EN,ornamental,,để trang trí,adj
EN,reassign,,tái chỉ định; tái bổ nhiệm,v
EN,specimen,,mẫu; vật mẫu,n
EN,achievable,,có thể đạt được; trong tầm tay,adj
EN,apparatus,,dụng cụ; bộ máy,n
EN,concession,,sự nhượng bộ; sự hạ giá,n
EN,concurrently,,đồng thời; kiêm,adv
EN,configuration,,hình thể; hình dạng,n
EN,detectable,,có thể dò ra; có thể tìm ra,adj
EN,distill,,chưng cất,v
EN,dysfunction,,rối loạn chức năng,n
EN,embedded,,được gắn vào,adj
EN,evolve,,tiến triển; tiến hóa,v
EN,flammable,,dễ bén lửa; dễ chảy,adj
EN,implant,,ghi khắc; in sâu; cấy dưới da,v
EN,patronize,,bảo trợ; lui tới (cửa hàng),v
EN,staple,,cái dập ghim,n
EN,steer,,lái; hướng dẫn; hướng theo,v
EN,sturdily,,cứng cáp; khỏe mạnh,adv
EN,transparent,,trong suốt; rõ ràng,adj
EN,be geared to,,cho khớp với,phr
EN,clothing line,,dây phơi quần áo,phr
EN,craft,,tay nghề; tài năng,n
EN,crop,,vụ mùa; cây trồng,n
EN,curved,,cong,adj
EN,cyclist,,người đi xe đạp,n
EN,firewood,,củi,n
EN,iron,,bàn là,n
EN,machinery,,máy móc; thiết bị,n
EN,not at all,,không có gì; không hề,phr
EN,not far from,,không xa,phr
EN,plant,,cây; thực vật,n
EN,publication company,,công ty xuất bản,phr
EN,scratch,,cao; gãi,v
EN,tool belt,,đai đeo đựng dụng cụ,phr
EN,watering can,,bình tưới nước,phr
EN,a number of,,một vài; một số,phr
EN,be composed of,,được cấu thành bởi; bao gồm,phr
EN,be filled with,,được lấp đầy bằng,phr
EN,be made up of,,được tạo thành bởi,phr
EN,facility,,trang thiết bị; cơ sở,n
EN,fasten,,cài; thắt,v
EN,incredible,,không thể tin được; lạ thường,adj
EN,modification,,sự sửa đổi,n
EN,rank,,hàng; thứ hạng,n
EN,raw material,,nguyên liệu thô,phr
EN,shortage,,sự thiếu hụt,n
EN,underground,,ngầm; dưới mặt đất,adj
EN,assembly,,sự lắp ráp; bộ phận lắp ráp,n
EN,fasten the strap,,cài dây đeo,phr
EN,give a hand,,giúp đỡ,phr
EN,go out of production,,ngừng sản xuất,phr
EN,in a moment,,trong giây lát; ngay,phr
EN,maintenance cost,,chi phí bảo dưỡng,phr
EN,makeup.,,bộ phận; thành phần,n
EN,much to one's surprise,,trước sự ngạc nhiên của,phr
EN,not only A but also B,,không chỉ A mà còn B,phr
EN,pack away,,cất gọn đi,phr
EN,remarkably,,đáng chú ý; xuất sắc,adv
EN,scale model (= miniature),,mô hình thu nhỏ,phr
EN,squeaking sound,,tiếng kêu cót két,phr
EN,wearable,,mặc được; thích hợp để mặc,adj
EN,workbench,,bàn thợ,n
EN,adapted,,thích nghi; phù hợp,adj
EN,automatically,,tự động,adv
EN,carelessly,,sự cẩu thả; bất cẩn,adv
EN,combustible,,dễ cháy; bồng bột,adj
EN,evidently,,hiển nhiên; rõ ràng,adv
EN,fitted,,vừa vặn; cố định,adj
EN,priced,,có giá; có ghi giá,adj
EN,reform,,sự cải cách,n
EN,representation,,sự đại diện; sự tượng trưng,n
EN,technically,,về mặt kỹ thuật; về mặt lý thuyết,adv
EN,technician,,nhân viên kỹ thuật,n
EN,adversely,,bất lợi,adv
EN,agricultural,,thuộc nông nghiệp,adj
EN,artificial,,nhân tạo; giả,adj
EN,be irrelevant to,,không liên quan tới,phr
EN,crude,,nguyên; thô; chưa qua xử lý,adj
EN,crude oil,,dầu thô,phr
EN,custom-made,,được đặt làm; thiết kế riêng,adj
EN,downsize,,cắt giảm (nhân sự),v
EN,gadget,,đồ dùng; dụng cụ,n
EN,gem,,đá quý,n
EN,generator,,máy phát điện,n
EN,grease,,mỡ; dầu mỡ,n
EN,identically,,tương tự; y hệt,adv
EN,in the event of,,trong trường hợp,phr
EN,in the process of,,trong quá trình,phr
EN,upon-ing,,ngay khi,phr
EN,wear and tear,,khấu hao; hao mòn,phr
EN,come apart,,tan rã; đổ vỡ,phr
EN,flow chart,,lưu đồ; sơ đồ luồng,phr
EN,production quota,,chỉ tiêu/định mức sản suất,phr
EN,tie up,,thắt chặt; chốt lại,phr
EN,void,,chỗ trống; chân không,n
EN,discontinue,,ngừng,v
EN,halt,,sự tạm nghỉ; nghỉ chân,n
EN,occurrence,,sự xảy ra,n
EN,operating,,thuộc về điều hành; vận hành,adj
EN,predicted,,được đoán trước; tiên đoán,adj
EN,welding,,kỹ thuật hàn,n
EN,arable,,trồng trọt được (đất),adj
EN,broadly,,rộng rãi; đại khái,adv
EN,continuity,,sự tiếp tục; tính liên tục,n
EN,disassemble,,tháo rời,v
EN,excavation,,sự khai quật,n
EN,fabricate,,bịa đặt; làm giả,v
EN,involuntarily,,không cố ý; vô tình,adv
EN,liquidity,,tỉnh thanh khoản,n
EN,nimble,,nhanh nhẹn; lanh lợi,adj
EN,obfuscate,,gây khó hiểu; làm bối rối,v
EN,pertinent,,đúng chỗ; phù hợp,adj
EN,application form,,mẫu đơn xin việc,phr
EN,career,,sự nghiệp; nghề nghiệp,n
EN,completion,,sự hoàn thành,n
EN,fair,,công bằng; hợp lý,adj
EN,graduation,,sự tốt nghiệp,n
EN,in fact,,trong thực tế,phr
EN,job fair,,hội chợ việc làm,phr
EN,job offer,,lời mời làm việc,phr
EN,list,,danh sách; v liệt kê,n
EN,newcomer,,người mới đến; nhân viên mới,n
EN,part-time,,bán thời gian,adj
EN,previous job,,công việc trước đây,phr
EN,secretary,,thư ký,n
EN,send in,,nộp; giao,phr
EN,tidy,,gọn gàng; ngăn nắp,adj
EN,trainee,,thực tập sinh; người được đào tạo,n
EN,apply for,,ứng tuyển vào,phr
EN,aptitude,,năng khiếu; năng lực,n
EN,be admitted to,,được nhận vào,phr
EN,be advised to do,,được khuyên làm,phr
EN,criteria,,tiêu chuẩn (dạng số nhiều của criterion),n
EN,decade,,thập kỷ,n
EN,employ,,thuê; mướn,v
EN,insufficient,,không đủ; thiếu,adj
EN,minimum,,mức tối thiểu,n
EN,party,,bữa tiệc; nhóm; tổ chức,n
EN,plentiful,,dồi dào,adj
EN,profession,,nghề nghiệp,n
EN,achieve one's goal,,đạt mục tiêu của ai đó,phr
EN,apprentice,,người học việc; người tập sự,n
EN,dress formally,,ăn mặc trang trọng,phr
EN,dressed in suit,,mặc vest; com lê,phr
EN,figure out,,tìm ra; phát hiện ra,phr
EN,full time work,,công việc toàn thời gian,phr
EN,job opportunity,,cơ hội việc làm,phr
EN,job search,,sự tìm việc làm,phr
EN,job seeker,,người tìm việc,phr
EN,lay out,,đặt ra; bày ra,phr
EN,letter of recommendation,,thư giới thiệu,phr
EN,pay raise,,sự tăng lương,phr
EN,practical experience,,kinh nghiệm thực tế,phr
EN,proof of employment,,bằng chứng công việc,phr
EN,reapply,,ứng tuyển lại; áp dụng lại,v
EN,recommendation letter.,,thư giới thiệu; thư tiến cử,phr
EN,reference letter,,thư giới thiệu; thư xác nhận,phr
EN,send off to,,gửi (thư) tới,phr
EN,set up an interview,,sắp xếp phỏng vấn,phr
EN,take an examination,,làm bài kiểm tra,phr
EN,training center,,trung tâm đào tạo,phr
EN,waiting room,,phòng chờ,phr
EN,well-educated,,có học thức; được giáo dục tốt,adj
EN,workstation,,chỗ ngồi (để làm việc),v
EN,zealous,,hãng hải; nhiệt huyết,adj
EN,cover letter,,đơn xin việc,phr
EN,devoted,,hết lòng; tận tâm,adj
EN,energetic,,tràn đầy năng lượng; năng động,adj
EN,enthusiastic,,nhiệt tình,adj
EN,excel,,trội hơn; xuất sắc hơn,v
EN,exclude,,ngoại trừ; không bao gồm,v
EN,fluently,,một cách trôi chảy,adv
EN,get through,,vượt qua; đỗ,phr
EN,match,,hợp với; xứng với,v
EN,necessity,,sự cần thiết; điều bắt buộc,n
EN,qualification,,năng lực chuyên môn; bằng cấp,n
EN,relevant,,có liên quan; thích hợp,adj
EN,sign up for,,đăng ký,phr
EN,talented,,có tài,adj
EN,visiting,,sự thăm viếng - thăm viếng; tham quan,n
EN,workforce,,lực lượng lao động,n
EN,address the audience,,giao lưu với khán giả,phr
EN,be influenced by appearance,,bị chi phối bởi vẻ ngoài,phr
EN,bilingual,,song ngữ,adj
EN,curriculum vitae,,sơ yếu lý lịch,phr
EN,diploma,,bằng tốt nghiệp,n
EN,endurance,,sự chịu đựng; khả năng chịu đựng,n
EN,external,,bên ngoài,adj
EN,fluency,,sự lưu loát; trôi chảy,n
EN,fluent in,,thành thạo về,phr
EN,human resources,,quản lý nhân lực; nhân sự,phr
EN,improperly,,không đúng cách; không thích,adv
EN,in a positive manner,,theo một cách tích cực,phr
EN,in the field of,,trong lĩnh vực,phr
EN,inexperience,,sự thiếu kinh nghiệm,n
EN,lack confidence,,thiếu sự tự tin,phr
EN,make A a regular habit,,biến A thành thói quen thường xuyên,phr
EN,make a commitment to,,đưa ra cam kết; gắn bó với,phr
EN,make a point of -ing,,quan tâm; tận tâm với (việc gì),phr
EN,manpower,,nhân lực,n
EN,master's degree,,bằng thạc sĩ,phr
EN,novice,,người học việc; tập sự,n
EN,paycheck,,tiền lương; tiền công,n
EN,self-motivation,,sự tự tạo động lực cho bản thân,n
EN,send a notification,,gửi thông báo,phr
EN,vacancy,,vị trí còn trống,n
EN,wanted,,được cần đến; được yêu cầu,adj
EN,work history,,lịch sử làm việc; kinh nghiệm làm việc,phr
EN,credential,,thông tin xác thực; giấy chứng nhận,n
EN,firsthand,,trực tiếp; mắt thấy tai nghe,adj
EN,hiring committee,,hội đồng tuyển dụng,phr
EN,not to mention,,không đề cập đến,phr
EN,on occasion,,nhân dịp,phr
EN,overqualified,,có thừa năng lực; trình độ,adj
EN,screening,,sự sàng lọc; sự phân loại,n
EN,lag,,chậm trễ,v
EN,on the waiting list,,trong danh sách chờ,phr
EN,oriented,,được định hướng,adv
EN,pertaining to,,gắn liền; đi đôi với,phr
EN,questionably,,đáng ngờ; có vấn đề,adv
EN,regularity,,sự đều đặn; thường xuyên,n
EN,replenish,,cấp thêm; bổ sung,v
EN,simplicity,,sự đơn giản,n
EN,stellar,,xuất sắc; ưu tú,adj
EN,versatile,,nhiều tài; linh hoạt,adj
EN,adept,,thành thạo; tinh thông,adj
EN,against all odds,,bất chấp sự chống đối mạnh mẽ mọi điều kiện bất lợi,phr
EN,command,,lệnh; sự điều khiển; sự chỉ huy,n
EN,commensurate,,tỷ lệ thuận; xứng với,adj
EN,computer literate,,biết sử dụng máy tính,phr
EN,eagerness,,sự say mê; sự háo hức,n
EN,familiarize oneself with,,tự tìm hiểu; tự làm quen với,phr
EN,increment,,sự tăng dần,n
EN,interpersonal skills,,các kỹ năng liên nhân,phr
EN,mindful,,lưu tâm; quan tâm,adj
EN,preeminent,,xuất sắc; ưu việt; vượt trội,adj
EN,preliminary,,sơ bộ; mở đầu,adj
EN,prerequisite,,điều kiện tiên quyết,n
EN,probationer,,nhân viên tập sự; người bị quản chế,n
EN,sternly,,nghiêm khắc; cứng rắn,adv
EN,bend over,,cúi xuống,phr
EN,by oneself,,tự mình,phr
EN,date,,ngày,n
EN,get used to,,quen với,phr
EN,if it's okay with you,,nếu bạn thấy ổn,phr
EN,in case of,,trong trường hợp; nếu như vậy,phr
EN,in rows,,xếp hàng; thành nhiều hàng,phr
EN,item,,món; mục; mặt hàng,n
EN,legal,,hợp pháp,adj
EN,let go,,buông bỏ,phr
EN,ruler,,người cai trị; bá chủ,n
EN,stop,,dừng lại; ngừng lại,v
EN,busy,,bận rộn,adj
EN,curriculum,,chương trình giảng dạy,n
EN,dress,,váy; đầm; mặc quần áo,n
EN,enough,,sự đủ dùng,n
EN,finish,,kết thúc; hoàn thành,v
EN,have a problem (in) -ing,,có vấn đề trong việc,phr
EN,observance,,sự tuân thủ,n
EN,on-site,,tại chỗ,adj
EN,penalty,,hình phạt,n
EN,pointed,,sắc bén; được nhằm vào; được nhấn mạnh,adj
EN,precious,,quý giá; quý báu,adj
EN,principle,,nguyên tắc,n
EN,punishment,,sự trừng phạt,n
EN,regulate,,chỉnh đốn; điều chỉnh,v
EN,restricted area,,khu vực giới hạn,phr
EN,restriction,,sự hạn chế,n
EN,safety inspection,,kiểm tra an toàn,phr
EN,suppress,,cấm; chặn; ngăn cản,v
EN,tensely,,căng thẳng,adv
EN,unauthorized,,không được phép,adj
EN,with respect to,,liên quan đến; trong mối quan hệ với,phr
EN,accuse,,cáo buộc; buộc tội,v
EN,assess,,đánh giá,v
EN,attorney,,luật sư; người được ủy quyền,n
EN,be absent from,,vắng mặt,phr
EN,be allowed to do,,được phép làm,phr
EN,by way of,,bằng cách; như là một cách,phr
EN,distrust,,nghi ngờ,v
EN,commonplace,,điều bình thường; chuyện thường,n
EN,protective smock,,áo bảo hộ,phr
EN,testimony,,sự chứng nhận; bằng chứng,n
EN,accordance,,sự phù hợp,n
EN,compel,,bắt buộc; thúc ép,v
EN,crucial,,cốt yếu; chủ yếu,adj
EN,effortlessly,,dễ dàng,adv
EN,in observance of,,tuân theo (quy tắc; luật lệ),phr
EN,inadvertently,,tình cờ; không cố ý,adv
EN,judicial,,thuộc tòa án; do tòa xét xử,adj
EN,keenly,,sắc sảo; hãng hải,adv
EN,lawsuit,,việc kiện cáo; vụ kiện,n
EN,off-limits,,bị cấm không được lui tới,adj
EN,ordinance,,sắc lệnh; quy định,n
EN,pulled,,bị rút lại,adj
EN,punctuality,,sự đúng giờ,n
EN,reprimand,,khiển trách; quở trách,v
EN,resolution,,nghị quyết; sự quyết tâm,n
EN,stiff,,cứng nhắc; không linh động,adj
EN,substantiate,,chứng minh,v
EN,trespass,,xâm phạm; xâm lấn,v
EN,violate,,vi phạm; xâm phạm,v
EN,at the discretion of,,theo quyết định của,phr
EN,bound,,bắt buộc; buộc phải,adj
EN,circumscribe,,giới hạn; hạn chế,v
EN,enactment,,sự ban hành,n
EN,impeccable,,hoàn hảo; không tì vết,adj
EN,infringement,,sự vi phạm; xâm phạm,n
EN,legitimate,,hợp pháp; chính đáng,adj
EN,petition,,lời thỉnh cầu; kiến nghị,n
EN,when it comes to,,khi nói đến; khi xem xét đến,phr
EN,bakery,,tiệm bánh; lò bánh mỳ,n
EN,best-selling,,bán chạy nhất,adj
EN,cashier,,nhân viên thu ngân,n
EN,clothing,,quần áo; y phục,n
EN,corner,,góc; lối rẽ,n
EN,costume,,trang phục,n
EN,free,,rảnh rỗi; tự do; miễn phí,adj
EN,label,,nhãn; nhãn hiệu,n
EN,necklace,,vòng cổ,n
EN,photography equipment,,thiết bị chụp ảnh,phr
EN,shelf,,giá; kệ,n
EN,shop,,cửa hàng; của hiệu,n
EN,shopper,,người mua hàng,n
EN,size,,kích cỡ; kích thước,n
EN,sunglasses,,kính râm,n
EN,supermarket,,siêu thị,n
EN,basis,,nền tảng; cơ sở,n
EN,brand,,thương hiệu,n
EN,department store,,cửa hàng bách hóa; trung tâm thương mại,phr
EN,discount store,,cửa hàng giảm giá,phr
EN,display,,trưng bày; biểu lộ,v
EN,fit,,hợp; xứng; ăn khớp,v
EN,fully,,đầy,adv
EN,grocery,,cửa hàng tạp hóa,n
EN,keep,,giữ; bảo quản; chăm sóc,v
EN,store,,cửa hàng,n
EN,tax,,thuế,n
EN,at the moment,,vào thời điểm hiện tại,phr
EN,celebrate,,kỷ niệm; làm lễ kỷ niệm,v
EN,decorative item,,đồ trang trí,phr
EN,discounted coupon,,phiếu giảm giá,phr
EN,for sale,,(có sẵn) để bán,phr
EN,half price,,nửa giá,phr
EN,have A strapped to one's shoulder,,gánh vác A trên vai,phr
EN,instead,,thay vì,adv
EN,make a purchase,,mua hàng,phr
EN,make no difference,,không có sự khác biệt,phr
EN,make payment,,thanh toán,phr
EN,Not that I'm aware of.,,Đó không phải là những gì mà tôi biết,phr
EN,out of town,,đi vắng,phr
EN,overcoat,,áo măng tô; áo choàng,n
EN,pay in cash,,thanh toán bằng tiền mặt,phr
EN,put out for display,,đưa ra trưng bày,phr
EN,shoelace,,dây giày,n
EN,shopkeeper,,người chủ hiệu,n
EN,showroom,,phòng trưng bày (hàng hóa),n
EN,sleeve,,tay áo,n
EN,souvenir,,đồ lưu niệm; vật kỷ niệm,n
EN,stack,,cụm; chùm; đống,n
EN,stand in line,,xếp hàng,phr
EN,storefront,,mặt trước cửa hàng,n
EN,stylish,,hợp thời trang; kiểu cách,adj
EN,tag,,nhãn; mác; thẻ tên,n
EN,take the order,,nhận đơn đặt hàng,phr
EN,try on,,mặc thử; đi thử; mang thử,phr
EN,underline,,gạch chân; nhấn mạnh,v
EN,watch band,,dây đeo đồng hồ,phr
EN,window-shopping,,việc xem hàng hóa nhưng không mua,n
EN,afford to do,,đủ sức; đủ khả năng làm gì,phr
EN,apparel,,trang phục; quần áo,n
EN,dairy products,,các sản phẩm từ sữa,phr
EN,elsewhere,,ở nơi nào khác; đầu đó,adv
EN,gift certificate,,phiếu qua tặng,phr
EN,glassware,,đồ thủy tinh,n
EN,inexpensive,,rẻ; không đắt,adj
EN,lately,,gần đây,adv
EN,latest,,mới nhất,adj
EN,luxury,,sự xa xỉ; hàng xa xỉ,n
EN,outerwear,,áo khoác ngoài,n
EN,outlet,,cửa hàng đại lý; lối thoát; lối ra,n
EN,portable,,có thể mang theo; xách tay,adj
EN,readership,,(cộng đồng) độc giả,n
EN,readily,,sẵn sàng; sẵn lòng,adv
EN,refundable,,có thể hoàn trả,adj
EN,value,,giá trị; giá cả,n
EN,a selection of,,bộ sưu tập,phr
EN,a variety of (= various),,nhiều,phr
EN,at a discounted price,,với gia chiết khấu,phr
EN,by check,,bằng séc,phr
EN,by credit card,,bang the tin dung,phr
EN,by no means,,không chút nào; hoàn toàn không,phr
EN,extra charge,,phụ phí,phr
EN,get in line,,xếp hàng,phr
EN,give a discount,,giảm giả,phr
EN,in cash,,bằng tiền mặt,phr
EN,merchandise,,hàng hóa,n
EN,no later than,,muộn nhất là,phr
EN,showcase,,buổi biểu diễn giới thiệu,n
EN,textile,,vải dệt; đồ dệt may,n
EN,thrifty,,tiết kiệm; tần tiện,adj
EN,under warranty,,trong thời gian bảo hành,phr
EN,valid for,,hợp lệ cho; có hiệu lực với,phr
EN,voucher,,phiếu quà tặng (đã được thanh toán trước),n
EN,wholesale,,bán buôn; bán sỉ,adj
EN,wrap a present,,gói quà,phr
EN,automotive repair shop,,xưởng sửa chữa ô tô,phr
EN,awning,,tấm vải bạt; mái hiên,n
EN,cash register,,máy đếm tiền,phr
EN,cooking utensil (=cookware),,dụng cụ nấu ăn,phr
EN,display case,,kệ trưng bày,phr
EN,garment,,quần áo; đồ may mặc,n
EN,look different,,nhìn khác biệt,phr
EN,tailor,,thợ may,n
EN,wind a watch,,lên dây đồng hồ,phr
EN,collectable,,có thể sưu tầm được;đáng được sưu tầm,adj
EN,conversely,,ngược lại; đảo lại,adv
EN,dilute,,loãng; nhạt đi; giảm bớt,v
EN,exposition,,sự phơi bày; sự bộc lộ,n
EN,generic,,có đặc điểm giống loài; (thuộc) giống loài,n
EN,high-end,,cao cấp,adj
EN,merchant,,buôn; buôn bán,adj
EN,observably,,đáng chú ý; đáng kể,adv
EN,predictably,,có thể dự báo; đoán trước,adv
EN,secondhand,,cũ; dùng lại (đồ vật),adj
EN,stylishly,,hợp thời trang; kiểu cách,adv
EN,at a substantial discount,,mức giảm giá đáng kể,phr
EN,bargain over prices,,mặc cả về giá,phr
EN,business hours,,giờ làm việc,phr
EN,cast,,vào val,v
EN,CEO (chief executive officer),,giám đốc điều hành,n
EN,enterprise,,doanh nghiệp,n
EN,firm,,hãng; công ty,n
EN,franchise,,nhượng quyền kinh doanh,n
EN,nice-looking,,bắt mắt,adj
EN,plenty,,sự phong phú; sung túc,n
EN,speed up,,tăng tốc,phr
EN,trading,,sự kinh doanh; việc mua bán,n
EN,beginning,,sự khởi đầu,n
EN,contribution to,,sự đóng góp cho,phr
EN,convenient,,thuận lợi; tiện lợi,adj
EN,differently,,khác; khác biệt,adv
EN,economy,,nền kinh tế,n
EN,formally,,chính thức; trang trọng,adv
EN,industrial,,(thuộc) công nghiệp,adj
EN,lightly,,nhẹ nhàng,adv
EN,merge,,kết hợp; hợp nhất,v
EN,not A but B,,không phải A mà là B,phr
EN,optimistic,,lạc quan,adj
EN,overall,,toàn bộ; toàn thể,adj
EN,possibility,,khả năng,n
EN,private,,riêng tư; cá nhân,adj
EN,rise,,tăng lên; đứng lên,v
EN,situation,,tình huống,n
EN,strengthen,,củng cố; tăng cường,v
EN,up-and-down,,không ổn định; thăng trầm,adj
EN,blueprint,,bản thiết kế; bản kế hoạch,n
EN,business deal,,thỏa thuận kinh doanh,phr
EN,family-run,,(công ty) do gia đình điều hành,adj
EN,fluctuation,,sự dao động,n
EN,for business,,cho doanh nghiệp/Việc kinh doanh,phr
EN,foreign trade,,ngoại thương,phr
EN,go into business,,bắt đầu kinh doanh,phr
EN,go out of business,,dừng kinh doanh,phr
EN,mutual,,lẫn nhau; qua lại,adj
EN,nationwide,,toàn quốc,adj
EN,need monitoring,,cần theo dõi,phr
EN,neighboring,,lân cận; gần kề,adj
EN,real estate sale,,kinh doanh bất động sản,phr
EN,recession,,tình trạng suy thoái,n
EN,relieve pain,,giảm đau,phr
EN,role model,,người tiêu biểu; tấm gương,phr
EN,session,,phiên họp; kỳ họp,n
EN,unplug,,rút/thảo (phích cắm); tháo nút,v
EN,worsen,,trở nên tồi tệ hơn,v
EN,accumulation,,sự tích lũy,n
EN,ascend,,đi lên; tăng dần,v
EN,commerce,,thương mại,n
EN,indifferent,,lãnh đạm; trung lập; bình thường,adj
EN,prolong,,gia hạn; kéo dài,v
EN,relevantly,,liên quan; thích hợp,adv
EN,stimulate,,thúc đẩy; khuyến khích,v
EN,supplement,,bổ sung,v
EN,tedious,,chán ngắt; nhạt nhẽo,adj
EN,unavoidable,,tất yếu; không thể tránh khỏi,adj
EN,be related to,,có liên quan đến,phr
EN,bring in,,mang lại,phr
EN,brokerage,,sự môi giới; nghề môi giới,n
EN,business management,,quản trị kinh doanh,phr
EN,business practice,,thực tiễn kinh doanh,phr
EN,collapse,,sự sụp đổ; sự sụt giả,n
EN,cope with,,đương đầu; đối phó với,phr
EN,cost-effective,,mang lại lợi nhuận; sinh lời,adj
EN,descending,,giảm xuống,adj
EN,dominate,,chi phối; lấn át; thống trị,n
EN,downturn,,sự suy sụp; sự suy thoái,n
EN,entail,,đòi hỏi; bắt phải,v
EN,exchange rate,,tỷ giá hối đoái,phr
EN,flourish,,phát đạt; phát triển,v
EN,for large purchases.,,với những khoản mua lớn,phr
EN,for the benefit of,,vì lợi ích của,phr
EN,foremost,,đầu tiên; trước nhất,adj
EN,forerunner,,người tiên phong; người mở đường,n
EN,from around the globe,,từ khắp nơi trên thế giới,phr
EN,infrastructure,,cơ sở hạ tầng,n
EN,marketable,,có thể bán được; dễ tiêu thụ,adj
EN,multinational corporation,,tập đoàn đa quốc gia,phr
EN,multi-regional,,đa vùng,adj
EN,nationality,,quốc tịch,n
EN,net income,,lợi nhuận ròng; thu nhập ròng,phr
EN,penalize,,phạt,v
EN,put forth,,đưa ra; đề xuất,phr
EN,ratio,,tỷ số; tỷ lệ,n
EN,set up,,thành lập; thiết lập,phr
EN,skyrocket,,tăng vọt (giá cả),v
EN,so far (= to date),,cho đến nay,phr
EN,surge,,dâng lên; dấy lên,v
EN,synergy,,sự hợp lực,n
EN,synthesis,,sự tổng hợp,n
EN,tactics,,chiến thuật; chiến lược,n
EN,unemployment.,,sự thất nghiệp; nạn thất nghiệp,n
EN,variable,,có thể thay đổi; hay thay đổi,adj
EN,vicious cycle,,vòng luẩn quẩn,phr
EN,without a doubt,,chắc chắn; không chút nghi ngờ,phr
EN,billing address,,địa chỉ thanh toán,phr
EN,government grant,,trợ cấp của chính phủ,phr
EN,market value.,,giá thị trường,phr
EN,pull down,,phá hủy; hạ xuống,phr
EN,stationary,,tĩnh; không di chuyển,adj
EN,abate,,hạ; bớt; làm dịu,v
EN,cease,,dừng; ngừng,v
EN,conspicuously,,dễ thấy; rõ ràng,adv
EN,deteriorate,,làm hỏng; làm giảm giá trị,v
EN,implicitly,,hoàn toàn,adv
EN,leisurely,,rỗi rãi; thong thả,adj
EN,menace,,đe doạ,v
EN,perceptible,,có thể nhận ra; có thể cảm thấy,adj
EN,placement,,sự bố trí; sự sắp đặt,n
EN,remark,,chú ý; nhận thấy,v
EN,retrieval,,sự thu hồi; sự phục hồi,n
EN,slowdown,,sự chậm lại; sự suy thoái,n
EN,solitary,,một mình; đơn độc,adj
EN,ailing,,ốm yếu; khó khăn,adj
EN,financial statement,,báo cáo tài chính,phr
EN,have a monopoly on,,độc quyền về,phr
EN,in demand,,có nhu cầu; được đòi hỏi nhiều,phr
EN,multilateral,,nhiều phía; đa phương,adj
EN,nontransferable,,không thể chuyển nhượng,adj
